run,random_seed,time_based_availability,production_based_availability
1,1,0.9414832358492523,0.9428121808722975
2,2,0.9653822620455064,79.96006935286223
