run,random_seed,time_based_availability,production_based_availability
1,1,0.9311647273556924,0.9318414526722638
2,2,0.9756460913031755,0.9314993843907862
