run,random_seed,time_based_availability,production_based_availability
1,1,0.9303981491488246,0.9305301851204822
2,2,0.9755766898423334,8.391357213001763
