run,random_seed,time_based_availability,production_based_availability
1,1,0.9304084561163346,0.9307456512398617
2,2,0.9844872133562288,0.9845890701906795
