run,random_seed,time_based_availability,production_based_availability
1,1,0.9244034153528463,0.9241874284683642
2,2,0.9842526208734054,0.9840544172072434
