run,random_seed,time_based_availability,production_based_availability
1,1,0.9312430316101231,0.9316826657622793
2,2,0.9698404857532749,
