run,random_seed,time_based_availability,production_based_availability
1,1,0.9298950852681175,0.9300228543484365
2,2,0.9621466778208736,
