run,random_seed,time_based_availability,production_based_availability
1,1,0.9188500335317584,0.9187263618718067
2,2,0.9724655003145762,0.9186041845751335
