run,random_seed,time_based_availability,production_based_availability
1,1,0.9231276142672447,0.9230997091085109
2,2,0.9725747205110655,0.9232141009181112
