run,random_seed,time_based_availability,production_based_availability
1,1,0.9409684085977004,0.9418737857572455
2,2,0.9801033591731266,216.2108765235479
