run,random_seed,time_based_availability,production_based_availability
1,1,0.9230180051714959,0.9226589049995315
2,2,0.962807723020762,
