run,random_seed,time_based_availability,production_based_availability
1,1,0.9303118908382066,0.9304212807653519
2,2,0.9718997042000392,195.5861458227897
