run,random_seed,time_based_availability,production_based_availability
1,1,0.930175398569433,0.9302319877332794
2,2,0.9736433829268586,0.9304763437566984
