run,random_seed,time_based_availability,production_based_availability
1,1,0.9231521408472128,0.9222087988738255
2,2,0.9747576811924861,0.9222683612317214
