run,random_seed,time_based_availability,production_based_availability
1,1,0.9231134496919918,0.9227198158718881
2,2,0.9641528823484675,
