run,random_seed,time_based_availability,production_based_availability
1,1,0.9231552779679063,0.9215118153278161
2,2,0.9844167807437828,0.9841639950678756
