run,random_seed,time_based_availability,production_based_availability
1,1,0.9238166836847282,0.9232272958989132
2,2,0.9738146265564046,0.9232622132862782
