run,random_seed,time_based_availability,production_based_availability
1,1,0.9230790364286258,0.9231253977812743
2,2,0.9752817704768424,60.316036433914384
