run,random_seed,time_based_availability,production_based_availability
1,1,0.9245959929929581,0.9238113851060384
2,2,0.9737232063790376,17.957272243887903
