run,random_seed,time_based_availability,production_based_availability
1,1,0.9237018585219346,0.9232336946926047
2,2,0.9739784487756347,0.9233889167672324
