run,random_seed,time_based_availability,production_based_availability
1,1,0.9314477246996328,0.9318947243095247
2,2,0.9754461921919595,165.73909658031135
